{
  "SSH": [
    {
      "Succ": {
        "Name": "Succ",
        "Host": "1.1.1.1:6969",
        "Username": "root",
        "Password": "5555",
        "LoginDelay": 2,
        "Delay": 1,
        "Captcha": "SSN",
        "ToS": "Y",
        "Methods": ["*"]
      }
    },
    {
      "Revive": {
        "Name": "Revive",
        "Host": "8.8.8.8:6969",
        "Username": "root",
        "Password": "5555",
        "LoginDelay": 2,
        "Delay": 1,
        "Captcha": "",
        "ToS": "",
        "Methods": ["TCP"]
      }
    }
  ],
  "Telnet": [
    {
      "TestNet": {
        "Name": "TestNet",
        "Host": "1.1.1.1:6969",
        "Username": "root",
        "Password": "5555",
        "LoginDelay": 2,
        "Delay": 1,
        "Captcha": "SSN",
        "ToS": "Y",
        "Methods": ["*"]
      }
    }
  ]
}