{
  "Plans": [
    {
      "Name": "User",
      "Icon": "fas fa-user",
      "Description": "Basic User Package",
      "MaxTime": 60,
      "Cooldown": 15,
      "Threads": 1,
      "Concurrents": 1,
      "Days": 30,
      "Price": "5$"
    },
    {
      "Name": "VIP",
      "Icon": "fas fa-medal",
      "Description": "Advanced VIP Package",
      "MaxTime": 120,
      "Cooldown": 5,
      "Threads": 2,
      "Concurrents": 2,
      "Days": 30,
      "Price": "10$"
    },
    {
      "Name": "VIP+",
      "Icon": "fas fa-crown",
      "Description": "Advanced VIP+ Package",
      "MaxTime": 120,
      "Cooldown": 0,
      "Threads": 4,
      "Concurrents": 4,
      "Days": 30,
      "Price": "15$"
    }
  ]
}